Train
  -id
  -source
  -destination
  -departure_time/date
  -arrival_time/date
  -train_type
  -distance(in km)
  -run-days
  -late(in min)
  -speed

Route
  -id
  -train_id(foreign key)
  -route_no
  -route-name

Bogie
  -id
  -number
  -class_name
  -Train_id(foregin_key)
  -available_seats
  -Reserved_seats
  -capacity

Station
  -id
  -name
  -code
  -city
  -city_code
  -Address

Train_station
  -id
  -train_id(foregin_key Train)
  -station_id(foregin_key Station)
  -date_in
  -date_out
  -time_in
  -time_out
  -wait on platform(in time)

TicketCounter
  -id
  -counter_no
  -station_id(foreign key)

TicketPrice
  -id
  -station_id(foregin key from station)
  -destination
  -FullTicketPrice
  -HalfTicketPrice

Ticket
  -id
  -ticketCounter_id(foreginkey)
  -no_of_persons
  -no_of_childrens
  -date_of_journey
  -class
  -station_from
  -station_to
  -payment_method
  -ticket_price
  -total

Food_vendor
  -id
  -vendor_name
  -vendor_licence

Station_Vendor
  -id
  -vendor_id(foregin key)
  -station_id(foregin key)

coolie
  -id
  -station_id(foregin_key Station)
  -licence_no
  -name
  -age
  -joining_date
  -address



1

railwaysystem=# select date_trunc('hour', departure_time - interval '1 hour') as start_time,count(train_id) as hourly_train_count from train_station group by start_time;
     start_time      | hourly_train_count
---------------------+--------------------
 2018-07-21 00:00:00 |                  3
 2018-07-21 01:00:00 |                  1
(2 rows)


2.


railwaysystem=# select station_to from(select count(station_to) as station_count,station_to from ticket group by station_to)t where station_count>2;
 station_to
------------
 LONAVALA
(1 row)


3.

railwaysystem=# select to_char(time_date,'Mon') as mon,sum(total) as sale from ticket group by 1;
 mon | sale
-----+------
 Mar |   10
 Apr |   51
 Jul |   10
 May |   58
(4 rows)



